{"class_map": {"valid": [{"class": "pothole", "map@50:95": 0.5376047684109463, "map@50": 0.9061933180320285, "precision": 0.9155963302752294, "recall": 0.88}, {"class": "all", "map@50:95": 0.5376047684109463, "map@50": 0.9061933180320285, "precision": 0.9155963302752294, "recall": 0.88}], "test": [{"class": "pothole", "map@50:95": 0.5424158140820111, "map@50": 0.9205903733924368, "precision": 0.9451219512195121, "recall": 0.87}, {"class": "all", "map@50:95": 0.5424158140820111, "map@50": 0.9205903733924368, "precision": 0.9451219512195121, "recall": 0.87}]}, "map": 0.9061933180320285, "precision": 0.9155963302752294, "recall": 0.88}